{
    "BoundaryCurrency": "AUD",
    "Maximum": 50000000.000000000,
    "Minimum": 50000.000000000
}